Datetime,open,high,low,close,volume
2025-06-11 09:30:00-04:00,203.47000122070312,204.5,202.3300018310547,202.76010131835938,10386969
2025-06-11 10:30:00-04:00,202.75999450683594,202.77000427246094,200.91000366210938,200.94000244140625,7233304
2025-06-11 11:30:00-04:00,200.89500427246094,201.1699981689453,199.65960693359375,200.2071075439453,10232286
2025-06-11 12:30:00-04:00,200.19070434570312,201.2364959716797,200.18499755859375,200.91000366210938,5829259
2025-06-11 13:30:00-04:00,200.90499877929688,200.98500061035156,198.7100067138672,199.23919677734375,6328313
2025-06-11 14:30:00-04:00,199.22000122070312,199.60000610351562,198.6199951171875,198.97999572753906,6509313
2025-06-11 15:30:00-04:00,198.9499969482422,199.125,198.41000366210938,198.85000610351562,6085149
2025-06-12 09:30:00-04:00,199.0800018310547,199.38999938964844,197.360107421875,198.0666961669922,10588317
2025-06-12 10:30:00-04:00,198.0800018310547,198.9250030517578,197.86270141601562,198.14999389648438,5324558
2025-06-12 11:30:00-04:00,198.13369750976562,198.63999938964844,197.7550048828125,198.58999633789062,3767271
2025-06-12 12:30:00-04:00,198.5800018310547,199.44000244140625,198.2100067138672,199.25999450683594,4180542
2025-06-12 13:30:00-04:00,199.25999450683594,199.67990112304688,198.6696014404297,198.75,3327745
2025-06-12 14:30:00-04:00,198.75999450683594,199.0500030517578,198.5449981689453,198.88499450683594,3064478
2025-06-12 15:30:00-04:00,198.8800048828125,199.1999969482422,198.39999389648438,199.1999969482422,3810648
2025-06-13 09:30:00-04:00,199.50999450683594,200.3699951171875,195.91000366210938,196.15499877929688,14838318
2025-06-13 10:30:00-04:00,196.13999938964844,197.63999938964844,195.97999572753906,197.50999450683594,5870070
2025-06-13 11:30:00-04:00,197.52000427246094,198.04750061035156,197.2100067138672,197.27000427246094,4078021
2025-06-13 12:30:00-04:00,197.2899932861328,197.57000732421875,196.9199981689453,197.27000427246094,3611125
2025-06-13 13:30:00-04:00,197.25,197.7100067138672,196.22000122070312,196.2779998779297,4012087
2025-06-13 14:30:00-04:00,196.25999450683594,196.63999938964844,195.80999755859375,196.22000122070312,5166232
2025-06-13 15:30:00-04:00,196.24000549316406,196.69000244140625,195.77000427246094,196.4499969482422,5657582
2025-06-16 09:30:00-04:00,197.2899932861328,198.68499755859375,196.5635986328125,198.42999267578125,10592906
2025-06-16 10:30:00-04:00,198.43499755859375,198.66000366210938,197.1649932861328,197.31500244140625,5091014
2025-06-16 11:30:00-04:00,197.30999755859375,197.6300048828125,196.875,197.0800018310547,4269679
2025-06-16 12:30:00-04:00,197.10000610351562,197.9550018310547,197.02000427246094,197.875,2678380
2025-06-16 13:30:00-04:00,197.88499450683594,198.19000244140625,197.77000427246094,197.9886932373047,3200825
2025-06-16 14:30:00-04:00,197.99000549316406,198.39999389648438,197.66000366210938,198.2449951171875,3569146
2025-06-16 15:30:00-04:00,198.2449951171875,198.49000549316406,197.92999267578125,198.3699951171875,4718967
2025-06-17 09:30:00-04:00,197.25,197.92999267578125,196.2550048828125,197.5800018310547,7902396
2025-06-17 10:30:00-04:00,197.58299255371094,197.7899932861328,197.3249969482422,197.5800018310547,3367583
2025-06-17 11:30:00-04:00,197.58999633789062,198.38890075683594,197.4600067138672,197.61500549316406,3514424
2025-06-17 12:30:00-04:00,197.61000061035156,197.845703125,196.46499633789062,196.52000427246094,4473741
2025-06-17 13:30:00-04:00,196.50999450683594,196.82000732421875,195.2100067138672,195.4600067138672,4011630
2025-06-17 14:30:00-04:00,195.47999572753906,195.94000244140625,195.42030334472656,195.83999633789062,3616427
2025-06-17 15:30:00-04:00,195.85000610351562,195.88499450683594,195.4409942626953,195.63999938964844,4321581
2025-06-18 09:30:00-04:00,195.9199981689453,197.50999450683594,195.07000732421875,197.06019592285156,8663131
2025-06-18 10:30:00-04:00,197.11000061035156,197.57000732421875,196.63499450683594,196.94000244140625,3977500
2025-06-18 11:30:00-04:00,196.85000610351562,197.22999572753906,196.50030517578125,196.9508056640625,2676891
2025-06-18 12:30:00-04:00,196.94000244140625,197.02000427246094,196.0500030517578,196.05999755859375,2527979
2025-06-18 13:30:00-04:00,196.07000732421875,196.97999572753906,195.6300048828125,195.91000366210938,3683814
2025-06-18 14:30:00-04:00,195.9199981689453,196.4499969482422,195.11000061035156,195.63999938964844,5009904
2025-06-18 15:30:00-04:00,195.6300048828125,197.11000061035156,195.46600341796875,196.25,7662210
2025-06-20 09:30:00-04:00,198.23500061035156,200.94000244140625,197.52999877929688,198.67999267578125,26036367
2025-06-20 10:30:00-04:00,198.69000244140625,198.69000244140625,196.85960388183594,197.6699981689453,6560590
2025-06-20 11:30:00-04:00,197.7100067138672,198.86000061035156,197.6999969482422,198.49000549316406,4287672
2025-06-20 12:30:00-04:00,198.49000549316406,199.3699951171875,198.27000427246094,198.32000732421875,4286863
2025-06-20 13:30:00-04:00,198.32000732421875,200.19000244140625,198.07000732421875,199.80999755859375,5317209
2025-06-20 14:30:00-04:00,199.82000732421875,200.33670043945312,199.60009765625,199.92999267578125,7927637
2025-06-20 15:30:00-04:00,199.9199981689453,201.6999969482422,199.77000427246094,200.94000244140625,10755124
2025-06-23 09:30:00-04:00,201.53199768066406,202.3000030517578,199.94000244140625,201.37179565429688,12829209
2025-06-23 10:30:00-04:00,201.3800048828125,201.58999633789062,200.22500610351562,200.52999877929688,5321162
2025-06-23 11:30:00-04:00,200.3300018310547,200.52000427246094,199.50999450683594,200.1396026611328,4993482
2025-06-23 12:30:00-04:00,200.13999938964844,201.52000427246094,198.9600067138672,201.43899536132812,4894801
2025-06-23 13:30:00-04:00,201.4600067138672,202.24000549316406,201.0800018310547,201.69000244140625,6635454
2025-06-23 14:30:00-04:00,201.6699981689453,201.8968048095703,201.0507049560547,201.36019897460938,4184558
2025-06-23 15:30:00-04:00,201.35000610351562,201.83999633789062,201.13499450683594,201.5500030517578,3965279
2025-06-24 09:30:00-04:00,201.60000610351562,202.6699981689453,200.1999969482422,200.9822998046875,12508328
2025-06-24 10:30:00-04:00,200.99000549316406,201.5800018310547,200.7404022216797,201.3800048828125,4685578
2025-06-24 11:30:00-04:00,201.4600067138672,202.56500244140625,201.24000549316406,202.4499969482422,4724128
2025-06-24 12:30:00-04:00,202.45150756835938,203.44000244140625,201.94000244140625,201.9600067138672,6930517
2025-06-24 13:30:00-04:00,201.9600067138672,202.3300018310547,201.30999755859375,201.57000732421875,4599071
2025-06-24 14:30:00-04:00,201.5800018310547,202.01499938964844,201.30499267578125,201.52999877929688,5015277
2025-06-24 15:30:00-04:00,201.53500366210938,201.5998992919922,200.27000427246094,200.2899932861328,7488205
2025-06-25 09:30:00-04:00,201.4199981689453,203.66000366210938,201.1999969482422,202.44000244140625,10894360
2025-06-25 10:30:00-04:00,202.44000244140625,203.1750030517578,201.99000549316406,202.10000610351562,5914874
2025-06-25 11:30:00-04:00,202.10499572753906,202.1699981689453,201.39999389648438,201.8699951171875,3571019
2025-06-25 12:30:00-04:00,201.8800048828125,202.17970275878906,201.08999633789062,201.13999938964844,2830902
2025-06-25 13:30:00-04:00,201.13999938964844,201.27999877929688,200.62010192871094,201.01539611816406,3158873
2025-06-25 14:30:00-04:00,201.02000427246094,201.5,200.9499969482422,201.15980529785156,3073812
2025-06-25 15:30:00-04:00,201.13999938964844,201.6199951171875,200.88499450683594,201.60000610351562,4058748
2025-06-26 09:30:00-04:00,202.35000610351562,202.61500549316406,199.64999389648438,199.75,11861101
2025-06-26 10:30:00-04:00,199.74000549316406,200.50999450683594,199.6199951171875,199.69000244140625,6026822
2025-06-26 11:30:00-04:00,199.7100067138672,200.7899932861328,199.4600067138672,200.122802734375,4778323
2025-06-26 12:30:00-04:00,200.13780212402344,200.27000427246094,199.63499450683594,200.24000549316406,4568502
2025-06-26 13:30:00-04:00,200.25,201.36000061035156,199.97500610351562,200.97999572753906,5027751
2025-06-26 14:30:00-04:00,200.99000549316406,201.17869567871094,200.75,201.1750030517578,3971689
2025-06-26 15:30:00-04:00,201.17520141601562,201.55999755859375,200.7899932861328,200.94000244140625,5945620
2025-06-27 09:30:00-04:00,201.89500427246094,203.22000122070312,201.25999450683594,201.58009338378906,11392916
2025-06-27 10:30:00-04:00,201.58999633789062,201.9501953125,200.85499572753906,201.38180541992188,6069609
2025-06-27 11:30:00-04:00,201.39999389648438,202.0500030517578,201.38999938964844,201.99000549316406,4142671
2025-06-27 12:30:00-04:00,201.99000549316406,202.6999969482422,201.72999572753906,202.0800018310547,4499910
2025-06-27 13:30:00-04:00,202.0800018310547,202.11000061035156,200.92999267578125,201.44000244140625,5147746
2025-06-27 14:30:00-04:00,201.4499969482422,201.52000427246094,200.7899932861328,201.125,5338193
2025-06-27 15:30:00-04:00,201.1300048828125,201.27000427246094,200.22000122070312,201.10000610351562,6326536
2025-06-30 09:30:00-04:00,202.00999450683594,202.19000244140625,200.35240173339844,201.00990295410156,9942898
2025-06-30 10:30:00-04:00,201.0050048828125,201.32000732421875,199.59010314941406,199.97000122070312,7348749
2025-06-30 11:30:00-04:00,199.98919677734375,200.4199981689453,199.8000030517578,200.3249969482422,4709275
2025-06-30 12:30:00-04:00,200.30999755859375,200.47999572753906,199.84500122070312,200.15499877929688,4227066
2025-06-30 13:30:00-04:00,200.15499877929688,200.8300018310547,199.89999389648438,200.69500732421875,3674697
2025-06-30 14:30:00-04:00,200.69509887695312,207.08999633789062,199.2606964111328,206.58560180664062,26910135
2025-06-30 15:30:00-04:00,206.5500030517578,207.38999938964844,205.0500030517578,205.1199951171875,13956446
2025-07-01 09:30:00-04:00,206.6649932861328,209.8300018310547,206.14010620117188,209.54010009765625,26727051
2025-07-01 10:30:00-04:00,209.5500946044922,210.18649291992188,207.47000122070312,207.9499969482422,15475523
2025-07-01 11:30:00-04:00,207.9600067138672,208.18499755859375,206.7899932861328,207.875,7412772
2025-07-01 12:30:00-04:00,207.8699951171875,208.52999877929688,207.10000610351562,208.1103057861328,6007346
2025-07-01 13:30:00-04:00,208.1199951171875,208.4199981689453,207.61000061035156,208.2100067138672,4747947
2025-07-01 14:30:00-04:00,208.2100067138672,208.42990112304688,207.375,208.19000244140625,5033918
2025-07-01 15:30:00-04:00,208.18499755859375,208.22999572753906,207.51499938964844,207.86000061035156,5286012
2025-07-02 09:30:00-04:00,209.0800018310547,213.33999633789062,208.2760009765625,212.3000030517578,24809075
2025-07-02 10:30:00-04:00,212.27999877929688,212.85000610351562,211.4199981689453,211.47500610351562,8338925
2025-07-02 11:30:00-04:00,211.49000549316406,212.00999450683594,210.86000061035156,210.92030334472656,6059046
2025-07-02 12:30:00-04:00,210.9199981689453,211.3300018310547,210.22000122070312,210.81809997558594,5032781
2025-07-02 13:30:00-04:00,210.80999755859375,211.77000427246094,210.74000549316406,211.58999633789062,3704293
2025-07-02 14:30:00-04:00,211.5749969482422,212.9600067138672,211.3699951171875,211.88999938964844,7090087
2025-07-02 15:30:00-04:00,212.0500030517578,212.75,211.9499969482422,212.41000366210938,6193408
2025-07-03 09:30:00-04:00,212.14500427246094,213.85989379882812,211.8101043701172,213.73500061035156,11914855
2025-07-03 10:30:00-04:00,213.74000549316406,214.4600067138672,213.0399932861328,213.8800048828125,8989319
2025-07-03 11:30:00-04:00,213.889892578125,214.64999389648438,213.6699981689453,214.10000610351562,5268462
2025-07-07 09:30:00-04:00,212.67999267578125,216.22999572753906,211.80999755859375,212.36000061035156,13506133
2025-07-07 10:30:00-04:00,212.3699951171875,212.60000610351562,211.60000610351562,212.0399932861328,4497654
2025-07-07 11:30:00-04:00,212.1199951171875,212.1999969482422,210.3800048828125,210.8365020751953,4843940
2025-07-07 12:30:00-04:00,210.83900451660156,211.16990661621094,209.52000427246094,209.67039489746094,5039814
2025-07-07 13:30:00-04:00,209.6699981689453,210.5,208.91000366210938,208.94039916992188,4210639
2025-07-07 14:30:00-04:00,208.94000244140625,210.07000732421875,208.8000030517578,209.4499969482422,4388321
2025-07-07 15:30:00-04:00,209.4600067138672,210.25,209.19000244140625,209.94000244140625,4768433
2025-07-08 09:30:00-04:00,210.1300048828125,210.49000549316406,208.4499969482422,209.27999877929688,9381795
2025-07-08 10:30:00-04:00,209.28500366210938,211.42999267578125,209.25999450683594,209.87069702148438,5854284
2025-07-08 11:30:00-04:00,209.8800048828125,211.18499755859375,209.77999877929688,210.8300018310547,3759768
2025-07-08 12:30:00-04:00,210.83999633789062,210.88999938964844,209.5,209.8350067138672,3725509
2025-07-08 13:30:00-04:00,209.83999633789062,210.25999450683594,209.32000732421875,209.94500732421875,2881574
2025-07-08 14:30:00-04:00,209.9499969482422,210.0449981689453,209.40499877929688,209.60499572753906,2636682
2025-07-08 15:30:00-04:00,209.58999633789062,210.33999633789062,209.3000030517578,210.03500366210938,5121140
2025-07-09 09:30:00-04:00,209.52999877929688,210.89999389648438,209.35000610351562,209.91000366210938,8992949
2025-07-09 10:30:00-04:00,209.88999938964844,209.89999389648438,207.22000122070312,207.80499267578125,8309318
2025-07-09 11:30:00-04:00,207.80999755859375,208.22000122070312,207.26589965820312,207.8000030517578,4676493
2025-07-09 12:30:00-04:00,207.81039428710938,209.0449981689453,207.57139587402344,208.9156036376953,3964765
2025-07-09 13:30:00-04:00,208.9149932861328,209.97999572753906,208.72000122070312,209.7324981689453,4016622
2025-07-09 14:30:00-04:00,209.7449951171875,210.19000244140625,209.6199951171875,209.88999938964844,3710492
2025-07-09 15:30:00-04:00,209.8800048828125,211.3300018310547,209.72999572753906,211.11000061035156,6191235
2025-07-10 09:30:00-04:00,210.5050048828125,212.29989624023438,210.1199951171875,212.00999450683594,9591288
2025-07-10 10:30:00-04:00,212.02999877929688,213.47999572753906,211.89999389648438,212.97999572753906,8759012
2025-07-10 11:30:00-04:00,212.99000549316406,213.17999267578125,211.8300018310547,212.0800018310547,4598153
2025-07-10 12:30:00-04:00,212.07000732421875,212.77999877929688,211.85000610351562,212.6199951171875,3384939
2025-07-10 13:30:00-04:00,212.61000061035156,213.16000366210938,212.30999755859375,212.60000610351562,3025386
2025-07-10 14:30:00-04:00,212.5948944091797,213.4499969482422,212.57000732421875,212.5749969482422,3341074
2025-07-10 15:30:00-04:00,212.5800018310547,213.02000427246094,212.08999633789062,212.4199981689453,4470431
2025-07-11 09:30:00-04:00,210.56500244140625,212.1300048828125,209.86000061035156,211.7899932861328,8592173
2025-07-11 10:30:00-04:00,211.7899932861328,211.7899932861328,210.47999572753906,210.8249969482422,4031708
2025-07-11 11:30:00-04:00,210.8300018310547,211.2100067138672,210.46499633789062,210.63499450683594,3418923
2025-07-11 12:30:00-04:00,210.6199951171875,211.2899932861328,210.4499969482422,211.1649932861328,2805663
2025-07-11 13:30:00-04:00,211.15499877929688,211.65980529785156,210.97999572753906,211.40499877929688,2380669
2025-07-11 14:30:00-04:00,211.41000366210938,211.51699829101562,210.6199951171875,211.16000366210938,2371782
2025-07-11 15:30:00-04:00,211.1300048828125,211.39999389648438,211.029296875,211.0749969482422,4157903
2025-07-14 09:30:00-04:00,209.90899658203125,210.91000366210938,207.5399932861328,208.02999877929688,11410322
2025-07-14 10:30:00-04:00,208.02999877929688,208.89169311523438,207.8249969482422,208.76499938964844,4099030
2025-07-14 11:30:00-04:00,208.77000427246094,209.17999267578125,208.55999755859375,208.8406982421875,3442253
2025-07-14 12:30:00-04:00,208.85000610351562,209.3300018310547,208.76019287109375,209.0,2496708
2025-07-14 13:30:00-04:00,209.0133056640625,209.4499969482422,208.96080017089844,209.0,2387557
2025-07-14 14:30:00-04:00,209.0,209.4073028564453,208.87010192871094,209.1999053955078,3211653
2025-07-14 15:30:00-04:00,209.1699981689453,209.19000244140625,208.52000427246094,208.5399932861328,4180894
2025-07-15 09:30:00-04:00,209.14999389648438,211.1300048828125,208.9199981689453,210.1699981689453,9804649
2025-07-15 10:30:00-04:00,210.13999938964844,211.42999267578125,209.19769287109375,211.42999267578125,5300718
2025-07-15 11:30:00-04:00,211.42999267578125,211.88999938964844,210.36000061035156,210.67999267578125,4617922
2025-07-15 12:30:00-04:00,210.69500732421875,211.07000732421875,210.3800048828125,210.67269897460938,2111068
2025-07-15 13:30:00-04:00,210.68499755859375,211.6699981689453,210.66000366210938,211.375,2756121
2025-07-15 14:30:00-04:00,211.38890075683594,211.47999572753906,209.9600067138672,210.17999267578125,3943223
2025-07-15 15:30:00-04:00,210.2030029296875,210.2899932861328,208.99000549316406,209.00999450683594,3872873
2025-07-16 09:30:00-04:00,210.2899932861328,212.39999389648438,209.91050720214844,212.0850067138672,11863740
2025-07-16 10:30:00-04:00,212.11000061035156,212.1844940185547,209.2899932861328,210.1199951171875,6716190
2025-07-16 11:30:00-04:00,210.1488037109375,210.5,208.63999938964844,209.58999633789062,5283557
2025-07-16 12:30:00-04:00,209.60000610351562,210.947998046875,209.3699951171875,210.35000610351562,2958239
2025-07-16 13:30:00-04:00,210.33999633789062,210.63189697265625,209.87100219726562,210.0384979248047,2325549
2025-07-16 14:30:00-04:00,210.0399932861328,210.58509826660156,210.0399932861328,210.3249969482422,2064165
2025-07-16 15:30:00-04:00,210.32000732421875,210.6365966796875,209.97000122070312,210.22000122070312,4310071
2025-07-17 09:30:00-04:00,210.625,211.00999450683594,209.58999633789062,209.9499969482422,9963627
2025-07-17 10:30:00-04:00,209.94000244140625,210.8300018310547,209.77000427246094,210.44000244140625,4483480
2025-07-17 11:30:00-04:00,210.4499969482422,211.4499969482422,210.10499572753906,211.38999938964844,5714933
2025-07-17 12:30:00-04:00,211.38890075683594,211.50999450683594,210.7899932861328,210.9550018310547,3852173
2025-07-17 13:30:00-04:00,210.9499969482422,211.8000030517578,210.9001007080078,211.27999877929688,5287499
2025-07-17 14:30:00-04:00,211.27999877929688,211.27999877929688,210.77999877929688,210.9949951171875,4445454
2025-07-17 15:30:00-04:00,210.99989318847656,211.0500030517578,209.74000549316406,210.06100463867188,7016080
2025-07-18 09:30:00-04:00,210.7550048828125,211.00999450683594,209.70449829101562,209.9542999267578,15729684
2025-07-18 10:30:00-04:00,209.9600067138672,211.00999450683594,209.77000427246094,210.85000610351562,4957360
2025-07-18 11:30:00-04:00,210.85499572753906,211.1300048828125,210.67999267578125,211.00999450683594,3993353
2025-07-18 12:30:00-04:00,211.02000427246094,211.7899932861328,210.8800048828125,211.19000244140625,3840387
2025-07-18 13:30:00-04:00,211.17999267578125,211.5399932861328,210.75999450683594,210.93499755859375,3054294
2025-07-18 14:30:00-04:00,210.92999267578125,211.19500732421875,210.7899932861328,210.9499969482422,2639727
2025-07-18 15:30:00-04:00,210.94000244140625,211.34500122070312,210.8300018310547,211.22000122070312,4433304
2025-07-21 09:30:00-04:00,212.0500030517578,215.77999877929688,211.64089965820312,214.64500427246094,19931497
2025-07-21 10:30:00-04:00,214.63999938964844,214.7100067138672,212.8699951171875,213.47000122070312,7487806
2025-07-21 11:30:00-04:00,213.4600067138672,213.7100067138672,213.16000366210938,213.31959533691406,3139375
2025-07-21 12:30:00-04:00,213.31500244140625,213.86000061035156,213.13999938964844,213.67999267578125,2907043
2025-07-21 13:30:00-04:00,213.66000366210938,213.7100067138672,212.50999450683594,213.25999450683594,4055325
2025-07-21 14:30:00-04:00,213.268798828125,213.42999267578125,212.50999450683594,212.5800018310547,2890224
2025-07-21 15:30:00-04:00,212.5800018310547,212.71859741210938,212.07000732421875,212.5399932861328,3808451
2025-07-22 09:30:00-04:00,213.23500061035156,214.02999877929688,212.2301025390625,213.2655029296875,12377510
2025-07-22 10:30:00-04:00,213.25999450683594,213.69000244140625,212.72000122070312,213.477294921875,4721399
2025-07-22 11:30:00-04:00,213.47000122070312,213.82000732421875,212.75999450683594,213.27999877929688,5611485
2025-07-22 12:30:00-04:00,213.24000549316406,214.47999572753906,212.83999633789062,214.41119384765625,4068346
2025-07-22 13:30:00-04:00,214.39999389648438,214.42340087890625,213.44000244140625,213.7100067138672,3620984
2025-07-22 14:30:00-04:00,213.7100067138672,214.41990661621094,213.7100067138672,214.18499755859375,3749973
2025-07-22 15:30:00-04:00,214.17999267578125,214.64500427246094,213.92999267578125,214.38999938964844,4788294
2025-07-23 09:30:00-04:00,215.0449981689453,215.10000610351562,212.41000366210938,212.9351043701172,13479209
2025-07-23 10:30:00-04:00,212.9499053955078,213.1699981689453,212.5,213.14999389648438,4588657
2025-07-23 11:30:00-04:00,213.14999389648438,213.80999755859375,212.64999389648438,213.5,4465099
2025-07-23 12:30:00-04:00,213.5,214.22850036621094,213.36000061035156,214.125,2552446
2025-07-23 13:30:00-04:00,214.1199951171875,214.63499450683594,214.07000732421875,214.40499877929688,4350901
2025-07-23 14:30:00-04:00,214.40499877929688,214.69500732421875,213.94000244140625,214.13999938964844,3541364
2025-07-23 15:30:00-04:00,214.14500427246094,214.30999755859375,213.61000061035156,214.30999755859375,4190088
2025-07-24 09:30:00-04:00,214.05999755859375,215.69000244140625,213.52999877929688,214.4600067138672,11740713
2025-07-24 10:30:00-04:00,214.4499969482422,215.35000610351562,214.05960083007812,215.25999450683594,6108820
2025-07-24 11:30:00-04:00,215.2615966796875,215.49000549316406,214.1999969482422,214.33999633789062,4945138
2025-07-24 12:30:00-04:00,214.33999633789062,215.1999969482422,214.27999877929688,214.7899932861328,2987772
2025-07-24 13:30:00-04:00,214.7899932861328,215.1999969482422,214.55999755859375,214.73500061035156,2538966
2025-07-24 14:30:00-04:00,214.73890686035156,215.02000427246094,214.3300018310547,214.80999755859375,3138944
2025-07-24 15:30:00-04:00,214.81100463867188,214.94000244140625,213.72000122070312,213.75999450683594,5843431
2025-07-25 09:30:00-04:00,214.6999969482422,214.86000061035156,213.74000549316406,214.58529663085938,10049767
2025-07-25 10:30:00-04:00,214.58999633789062,215.24000549316406,214.2100067138672,214.50999450683594,5133351
2025-07-25 11:30:00-04:00,214.5850067138672,214.63999938964844,214.0500030517578,214.3896026611328,5205668
2025-07-25 12:30:00-04:00,214.38999938964844,214.58999633789062,214.0399932861328,214.1699981689453,2636543
2025-07-25 13:30:00-04:00,214.17039489746094,214.50999450683594,213.82000732421875,213.88999938964844,3060915
2025-07-25 14:30:00-04:00,213.91000366210938,214.00999450683594,213.39999389648438,213.5,2957957
2025-07-25 15:30:00-04:00,213.5050048828125,214.0,213.49000549316406,213.9600067138672,4400863
2025-07-28 09:30:00-04:00,214.02999877929688,214.74000549316406,213.5800018310547,214.52000427246094,7838862
2025-07-28 10:30:00-04:00,214.53500366210938,214.84500122070312,214.12229919433594,214.43499755859375,3872401
2025-07-28 11:30:00-04:00,214.44000244140625,214.75,214.2899932861328,214.5399932861328,2571343
2025-07-28 12:30:00-04:00,214.53500366210938,214.5749969482422,213.4149932861328,213.64500427246094,3975039
2025-07-28 13:30:00-04:00,213.63499450683594,214.02000427246094,213.6199951171875,213.8000030517578,2392173
2025-07-28 14:30:00-04:00,213.82000732421875,213.8300018310547,213.05999755859375,213.42999267578125,4397176
2025-07-28 15:30:00-04:00,213.4199981689453,214.0500030517578,213.32000732421875,214.0399932861328,3976187
2025-07-29 09:30:00-04:00,214.16000366210938,214.80999755859375,211.50999450683594,213.0500030517578,11789728
2025-07-29 10:30:00-04:00,213.0399932861328,213.24830627441406,211.88999938964844,211.89999389648438,5404192
2025-07-29 11:30:00-04:00,211.88099670410156,212.92999267578125,211.6999969482422,212.0,4842502
2025-07-29 12:30:00-04:00,211.99000549316406,212.38999938964844,210.8249969482422,212.1999969482422,4558639
2025-07-29 13:30:00-04:00,212.2100067138672,212.38999938964844,211.81500244140625,211.9600067138672,3024877
2025-07-29 14:30:00-04:00,211.96499633789062,212.44000244140625,211.60000610351562,211.88999938964844,3376083
2025-07-29 15:30:00-04:00,211.88999938964844,211.91000366210938,211.05450439453125,211.35000610351562,4836491
2025-07-30 09:30:00-04:00,211.89500427246094,212.38999938964844,210.02000427246094,210.61000061035156,7424119
2025-07-30 10:30:00-04:00,210.6199951171875,210.72000122070312,209.6199951171875,209.71499633789062,3733727
2025-07-30 11:30:00-04:00,209.72000122070312,210.4199981689453,209.57000732421875,210.1199951171875,2767617
2025-07-30 12:30:00-04:00,210.11000061035156,210.1699981689453,209.32000732421875,209.75650024414062,2841873
2025-07-30 13:30:00-04:00,209.75,210.14990234375,209.47999572753906,209.85499572753906,3212089
2025-07-30 14:30:00-04:00,209.85499572753906,210.13999938964844,207.72000122070312,208.52000427246094,5902392
2025-07-30 15:30:00-04:00,208.50999450683594,209.10989379882812,208.1300048828125,209.02000427246094,4190797
2025-07-31 09:30:00-04:00,208.3800048828125,209.68150329589844,207.8249969482422,208.8424072265625,11337524
2025-07-31 10:30:00-04:00,208.86000061035156,209.5500030517578,208.07000732421875,208.28280639648438,6709067
2025-07-31 11:30:00-04:00,208.27000427246094,209.0,208.1699981689453,208.95449829101562,4492059
2025-07-31 12:30:00-04:00,208.9499969482422,209.83999633789062,208.5,208.6649932861328,5149802
2025-07-31 13:30:00-04:00,208.6649932861328,208.9199981689453,207.58999633789062,208.61000061035156,5001721
2025-07-31 14:30:00-04:00,208.61000061035156,209.38429260253906,208.49000549316406,208.5699005126953,6029902
2025-07-31 15:30:00-04:00,208.57000732421875,208.85000610351562,207.16000366210938,207.61000061035156,8246453
2025-08-01 09:30:00-04:00,210.83999633789062,213.5800018310547,204.3699951171875,205.36000061035156,29330279
2025-08-01 10:30:00-04:00,205.3300018310547,205.72999572753906,203.07000732421875,203.44000244140625,11748154
2025-08-01 11:30:00-04:00,203.4199981689453,204.58999633789062,202.64999389648438,202.75,9260890
2025-08-01 12:30:00-04:00,202.75999450683594,203.2895050048828,201.5,201.9824981689453,8501358
2025-08-01 13:30:00-04:00,201.9801025390625,203.72999572753906,201.63009643554688,203.5500030517578,8026633
2025-08-01 14:30:00-04:00,203.5500030517578,204.32119750976562,202.89999389648438,203.19000244140625,7684390
2025-08-01 15:30:00-04:00,203.17999267578125,203.24000549316406,202.1699981689453,202.27000427246094,8416967
2025-08-04 09:30:00-04:00,204.5050048828125,206.83999633789062,204.19500732421875,206.75999450683594,13367550
2025-08-04 10:30:00-04:00,206.75999450683594,207.8800048828125,205.74000549316406,205.77000427246094,8818623
2025-08-04 11:30:00-04:00,205.75999450683594,205.8800048828125,203.92999267578125,203.93499755859375,5759426
2025-08-04 12:30:00-04:00,203.94000244140625,204.47999572753906,203.86500549316406,204.14999389648438,5046794
2025-08-04 13:30:00-04:00,204.13999938964844,204.22000122070312,203.41000366210938,203.42999267578125,4659225
2025-08-04 14:30:00-04:00,203.44000244140625,203.52999877929688,202.07000732421875,202.3249969482422,10594574
2025-08-04 15:30:00-04:00,202.3300018310547,203.4499969482422,201.6750030517578,203.33999633789062,8673869
2025-08-05 09:30:00-04:00,203.43499755859375,204.55499267578125,202.16000366210938,204.52999877929688,9812948
2025-08-05 10:30:00-04:00,204.53500366210938,205.33999633789062,203.90499877929688,204.6300048828125,6466189
2025-08-05 11:30:00-04:00,204.6199951171875,204.69000244140625,203.44000244140625,203.7100067138672,3782674
2025-08-05 12:30:00-04:00,203.7100067138672,204.1699981689453,203.08999633789062,204.03500366210938,3720976
2025-08-05 13:30:00-04:00,204.0500030517578,204.3000030517578,203.75999450683594,203.8699951171875,2677706
2025-08-05 14:30:00-04:00,203.86000061035156,203.97000122070312,203.19009399414062,203.3350067138672,3354757
2025-08-05 15:30:00-04:00,203.33999633789062,203.41000366210938,202.6699981689453,202.92999267578125,3784751
2025-08-06 09:30:00-04:00,205.60000610351562,211.14999389648438,205.58999633789062,210.75999450683594,23760541
2025-08-06 10:30:00-04:00,210.75999450683594,214.33999633789062,210.6300048828125,214.22500610351562,15618173
2025-08-06 11:30:00-04:00,214.22500610351562,214.99000549316406,213.6699981689453,214.49989318847656,15397308
2025-08-06 12:30:00-04:00,214.5196990966797,214.8699951171875,213.86900329589844,214.5399932861328,7331995
2025-08-06 13:30:00-04:00,214.51499938964844,215.3800048828125,214.08999633789062,214.6024932861328,8218314
2025-08-06 14:30:00-04:00,214.61000061035156,214.7949981689453,213.75,213.875,7181809
2025-08-06 15:30:00-04:00,213.88499450683594,214.4199981689453,212.80999755859375,213.25,9553119
2025-08-07 09:30:00-04:00,218.875,220.3300018310547,216.5800018310547,218.27000427246094,30765656
2025-08-07 10:30:00-04:00,218.05999755859375,220.1300048828125,217.64999389648438,219.62899780273438,11957311
2025-08-07 11:30:00-04:00,219.6199951171875,220.33999633789062,219.4199981689453,219.9149932861328,9896825
2025-08-07 12:30:00-04:00,219.9199981689453,220.2100067138672,213.25,218.7100067138672,7182645
2025-08-07 13:30:00-04:00,218.72000122070312,219.72999572753906,218.71009826660156,219.5,4729353
2025-08-07 14:30:00-04:00,219.49000549316406,220.85000610351562,219.24349975585938,219.3000946044922,9312135
2025-08-07 15:30:00-04:00,219.30450439453125,220.1999969482422,219.25,220.1300048828125,6898669
2025-08-08 09:30:00-04:00,220.42999267578125,223.10000610351562,219.25,222.7816925048828,15552244
2025-08-08 10:30:00-04:00,222.77999877929688,224.6300048828125,222.6300048828125,224.36000061035156,10674558
2025-08-08 11:30:00-04:00,224.35499572753906,228.22500610351562,224.30999755859375,228.1999969482422,16989559
2025-08-08 12:30:00-04:00,228.2097930908203,230.88999938964844,227.943603515625,228.6750030517578,25554276
2025-08-08 13:30:00-04:00,228.6699981689453,230.99000549316406,228.5500030517578,229.2899932861328,12552865
2025-08-08 14:30:00-04:00,229.29159545898438,229.87989807128906,228.50999450683594,228.8300018310547,11212305
2025-08-08 15:30:00-04:00,228.82000732421875,229.69000244140625,228.4600067138672,229.3699951171875,11188500
2025-08-11 09:30:00-04:00,226.75,228.72999572753906,224.7624053955078,226.77499389648438,16158774
2025-08-11 10:30:00-04:00,226.7899932861328,227.88999938964844,226.10000610351562,227.47000122070312,7977854
2025-08-11 11:30:00-04:00,227.47000122070312,229.55999755859375,227.47000122070312,228.72999572753906,7420183
2025-08-11 12:30:00-04:00,228.73500061035156,229.0998992919922,228.0,228.10000610351562,4120877
2025-08-11 13:30:00-04:00,228.08999633789062,228.19500732421875,227.00999450683594,227.73500061035156,5313497
2025-08-11 14:30:00-04:00,227.75999450683594,227.9600067138672,227.10000610351562,227.64999389648438,7584927
2025-08-11 15:30:00-04:00,227.65919494628906,227.69500732421875,226.63999938964844,227.2050018310547,5849057
2025-08-12 09:30:00-04:00,228.0050048828125,229.9398956298828,227.10000610351562,228.57000732421875,12571415
2025-08-12 10:30:00-04:00,228.58999633789062,230.5865020751953,228.25999450683594,229.72999572753906,10092499
2025-08-12 11:30:00-04:00,229.7299041748047,230.11000061035156,228.32000732421875,229.77999877929688,4868374
2025-08-12 12:30:00-04:00,229.77999877929688,230.77999877929688,229.66000366210938,229.77499389648438,5072601
2025-08-12 13:30:00-04:00,229.7700958251953,230.5500030517578,229.4499969482422,229.57000732421875,3593400
2025-08-12 14:30:00-04:00,229.5800018310547,229.61000061035156,228.9199981689453,229.18299865722656,3327871
2025-08-12 15:30:00-04:00,229.1699981689453,230.10000610351562,229.05999755859375,229.64999389648438,4734707
2025-08-13 09:30:00-04:00,231.52499389648438,232.72000122070312,230.42999267578125,231.80999755859375,14738656
2025-08-13 10:30:00-04:00,231.80999755859375,234.5500030517578,231.77000427246094,232.2899932861328,11605576
2025-08-13 11:30:00-04:00,232.27999877929688,233.3972930908203,232.0301971435547,233.09500122070312,5966244
2025-08-13 12:30:00-04:00,233.07000732421875,233.36000061035156,231.5601043701172,232.4550018310547,5417224
2025-08-13 13:30:00-04:00,232.4499969482422,234.99000549316406,232.02000427246094,232.9250030517578,8137347
2025-08-13 14:30:00-04:00,232.94000244140625,233.91000366210938,230.8000030517578,233.5850067138672,9192848
2025-08-13 15:30:00-04:00,233.5850067138672,234.3300018310547,233.11000061035156,233.3300018310547,5738352
2025-08-14 09:30:00-04:00,234.05499267578125,235.11000061035156,231.67019653320312,232.2100067138672,16052941
2025-08-14 10:30:00-04:00,232.2050018310547,232.4600067138672,230.85000610351562,231.74020385742188,6624676
2025-08-14 11:30:00-04:00,231.75,232.2949981689453,230.91000366210938,232.00999450683594,4323697
2025-08-14 12:30:00-04:00,232.02999877929688,233.13999938964844,231.9687957763672,232.92730712890625,3209373
2025-08-14 13:30:00-04:00,232.92999267578125,233.1300048828125,232.32000732421875,232.72999572753906,3634219
2025-08-14 14:30:00-04:00,232.7100067138672,233.49000549316406,232.44000244140625,232.94500732421875,4523178
2025-08-14 15:30:00-04:00,232.92999267578125,233.50999450683594,232.69000244140625,232.8300018310547,4542543
2025-08-15 09:30:00-04:00,233.72999572753906,234.22140502929688,231.5500946044922,232.1699981689453,11603282
2025-08-15 10:30:00-04:00,232.16140747070312,232.2899932861328,230.47000122070312,231.07000732421875,5319424
2025-08-15 11:30:00-04:00,231.02000427246094,231.4550018310547,230.6197052001953,230.74000549316406,3957281
2025-08-15 12:30:00-04:00,230.74420166015625,231.22500610351562,230.22999572753906,230.57000732421875,6137966
2025-08-15 13:30:00-04:00,230.55999755859375,231.28990173339844,229.36000061035156,230.85000610351562,4535672
2025-08-15 14:30:00-04:00,230.86000061035156,231.5,230.47999572753906,231.36000061035156,6170754
2025-08-15 15:30:00-04:00,231.3699951171875,231.77000427246094,231.02000427246094,231.64999389648438,4696096
2025-08-18 09:30:00-04:00,231.77999877929688,233.1199951171875,230.61000061035156,230.66000366210938,9348530
2025-08-18 10:30:00-04:00,230.6199951171875,231.22000122070312,230.3699951171875,230.86000061035156,4699541
2025-08-18 11:30:00-04:00,230.86500549316406,231.10000610351562,230.5,230.67999267578125,2959031
2025-08-18 12:30:00-04:00,230.67999267578125,231.14999389648438,230.11000061035156,231.07000732421875,2944837
2025-08-18 13:30:00-04:00,231.0800018310547,231.6699981689453,230.89999389648438,231.14500427246094,3270491
2025-08-18 14:30:00-04:00,231.14999389648438,231.6750030517578,231.10000610351562,231.22500610351562,2886450
2025-08-18 15:30:00-04:00,231.22000122070312,231.5500030517578,230.8800048828125,230.8800048828125,2842575
2025-08-19 09:30:00-04:00,231.27499389648438,232.86500549316406,230.58999633789062,231.8300018310547,7589938
2025-08-19 10:30:00-04:00,231.82000732421875,232.27000427246094,230.47000122070312,231.32260131835938,5331365
2025-08-19 11:30:00-04:00,231.32000732421875,231.66000366210938,231.05499267578125,231.30990600585938,3317736
2025-08-19 12:30:00-04:00,231.27999877929688,231.3300018310547,230.05999755859375,230.625,3326154
2025-08-19 13:30:00-04:00,230.6199951171875,230.89999389648438,229.8699951171875,230.0500030517578,3163874
2025-08-19 14:30:00-04:00,230.02499389648438,230.19000244140625,229.35000610351562,230.18499755859375,3535859
2025-08-19 15:30:00-04:00,230.18499755859375,230.67999267578125,229.99000549316406,230.47659301757812,2889925
2025-08-20 09:30:00-04:00,229.97000122070312,230.4698944091797,226.5,226.7200927734375,10654146
2025-08-20 10:30:00-04:00,226.74000549316406,227.5500030517578,226.11000061035156,227.3350067138672,4855593
2025-08-20 11:30:00-04:00,227.3300018310547,227.3699951171875,226.41000366210938,227.1345977783203,3599979
2025-08-20 12:30:00-04:00,227.1300048828125,227.16000366210938,225.88999938964844,226.2949981689453,3171568
2025-08-20 13:30:00-04:00,226.3000030517578,226.8300018310547,225.77000427246094,225.99009704589844,2697011
2025-08-20 14:30:00-04:00,225.99000549316406,226.72999572753906,225.8699951171875,226.44500732421875,3388687
2025-08-20 15:30:00-04:00,226.44000244140625,227.0,225.92999267578125,225.9600067138672,4504957
2025-08-21 09:30:00-04:00,226.27999877929688,226.52000427246094,224.67999267578125,225.57989501953125,6246020
2025-08-21 10:30:00-04:00,225.5272979736328,225.5850067138672,224.51010131835938,225.1300048828125,3627965
2025-08-21 11:30:00-04:00,225.13499450683594,225.83999633789062,224.8000030517578,224.8300018310547,2756586
2025-08-21 12:30:00-04:00,224.8300018310547,225.00999450683594,223.7803955078125,224.1750030517578,3327885
2025-08-21 13:30:00-04:00,224.17080688476562,224.77850341796875,224.16000366210938,224.22999572753906,2428717
2025-08-21 14:30:00-04:00,224.22349548339844,225.05499267578125,224.0941925048828,224.8800048828125,2704582
2025-08-21 15:30:00-04:00,224.89999389648438,225.25,224.38839721679688,224.91000366210938,3977376
2025-08-22 09:30:00-04:00,226.4499969482422,228.19000244140625,225.41000366210938,227.9499969482422,8240998
2025-08-22 10:30:00-04:00,227.97000122070312,228.72000122070312,227.8000030517578,228.05999755859375,5233127
2025-08-22 11:30:00-04:00,228.0399932861328,228.43499755859375,226.9250030517578,227.16929626464844,3176741
2025-08-22 12:30:00-04:00,227.1699981689453,229.08999633789062,227.07000732421875,228.61000061035156,4947377
2025-08-22 13:30:00-04:00,228.6273956298828,228.6273956298828,227.77999877929688,227.8699951171875,4653621
2025-08-22 14:30:00-04:00,227.8800048828125,228.51980590820312,227.78500366210938,227.85000610351562,4051520
2025-08-22 15:30:00-04:00,227.83999633789062,228.30999755859375,227.44000244140625,227.75,4139072
2025-08-25 09:30:00-04:00,226.40499877929688,229.1199951171875,226.24000549316406,228.80999755859375,8000835
2025-08-25 10:30:00-04:00,228.77000427246094,229.24000549316406,228.2899932861328,228.56500244140625,4318256
2025-08-25 11:30:00-04:00,228.57000732421875,229.3000030517578,228.50010681152344,228.5399932861328,2427231
2025-08-25 12:30:00-04:00,228.5399932861328,228.75999450683594,228.32000732421875,228.43499755859375,2355527
2025-08-25 13:30:00-04:00,228.43499755859375,228.65499877929688,227.74000549316406,227.88499450683594,2684903
2025-08-25 14:30:00-04:00,227.875,227.90499877929688,227.44500732421875,227.59840393066406,2661985
2025-08-25 15:30:00-04:00,227.60000610351562,227.72000122070312,227.1199951171875,227.14999389648438,3262464
2025-08-26 09:30:00-04:00,226.8699951171875,227.0500030517578,224.69000244140625,226.5,7799571
2025-08-26 10:30:00-04:00,226.50999450683594,227.29989624023438,226.2899932861328,226.9615936279297,3785331
2025-08-26 11:30:00-04:00,226.96499633789062,227.6999969482422,226.5500030517578,227.57049560546875,4519154
2025-08-26 12:30:00-04:00,227.55999755859375,228.1699981689453,227.4199981689453,228.11160278320312,2684567
2025-08-26 13:30:00-04:00,228.11000061035156,228.50999450683594,227.73500061035156,228.3592071533203,2399616
2025-08-26 14:30:00-04:00,228.36000061035156,228.6199951171875,227.77000427246094,228.56820678710938,2604761
2025-08-26 15:30:00-04:00,228.57000732421875,229.49000549316406,227.72500610351562,229.3000030517578,5151468
2025-08-27 09:30:00-04:00,228.5800018310547,230.25,228.2949981689453,230.01499938964844,7840101
2025-08-27 10:30:00-04:00,230.02999877929688,230.6999969482422,229.47999572753906,229.5740966796875,4445165
2025-08-27 11:30:00-04:00,229.57000732421875,230.08799743652344,229.30999755859375,229.8699951171875,2490171
2025-08-27 12:30:00-04:00,229.88999938964844,230.08999633789062,229.60000610351562,229.83999633789062,1919036
2025-08-27 13:30:00-04:00,229.83999633789062,230.67999267578125,229.8000030517578,230.625,2268584
2025-08-27 14:30:00-04:00,230.6199951171875,230.63499450683594,229.72000122070312,230.13250732421875,2256272
2025-08-27 15:30:00-04:00,230.125,230.89999389648438,230.1199951171875,230.44000244140625,3801508
2025-08-28 09:30:00-04:00,230.80999755859375,230.89999389648438,229.3350067138672,230.41580200195312,7213423
2025-08-28 10:30:00-04:00,230.4300994873047,231.89999389648438,230.35000610351562,230.9499969482422,3919070
2025-08-28 11:30:00-04:00,230.9600067138672,232.35499572753906,230.9481964111328,232.2899932861328,3117170
2025-08-28 12:30:00-04:00,232.27999877929688,233.1199951171875,232.0800018310547,233.0,3773992
2025-08-28 13:30:00-04:00,233.00999450683594,233.41000366210938,232.83009338378906,232.91920471191406,3045856
2025-08-28 14:30:00-04:00,232.9199981689453,233.1699981689453,232.69000244140625,232.97500610351562,2740378
2025-08-28 15:30:00-04:00,232.97500610351562,233.3300018310547,232.47999572753906,232.49000549316406,4904323
2025-08-29 09:30:00-04:00,232.55999755859375,233.36129760742188,231.3699951171875,232.80960083007812,8795007
2025-08-29 10:30:00-04:00,232.80499267578125,233.16000366210938,232.5,232.9600067138672,3599986
2025-08-29 11:30:00-04:00,232.98500061035156,233.02999877929688,231.39999389648438,232.5,4414822
2025-08-29 12:30:00-04:00,232.50999450683594,232.9600067138672,231.97999572753906,232.02999877929688,2677553
2025-08-29 13:30:00-04:00,232.03250122070312,232.5749969482422,231.97000122070312,232.17999267578125,3415896
2025-08-29 14:30:00-04:00,232.19000244140625,232.75,232.0,232.3542938232422,2433703
2025-08-29 15:30:00-04:00,232.35000610351562,232.83770751953125,231.47999572753906,232.27000427246094,4673659
2025-09-02 09:30:00-04:00,228.75,230.77999877929688,227.69000244140625,230.60000610351562,9687341
2025-09-02 10:30:00-04:00,230.60000610351562,230.75,227.5283966064453,227.82899475097656,5124954
2025-09-02 11:30:00-04:00,227.82000732421875,228.1468963623047,227.1699981689453,227.85000610351562,3136378
2025-09-02 12:30:00-04:00,227.8437042236328,228.54539489746094,227.64999389648438,228.41000366210938,2530443
2025-09-02 13:30:00-04:00,228.4199981689453,229.33999633789062,228.3300018310547,228.39999389648438,2346892
2025-09-02 14:30:00-04:00,228.39999389648438,229.0800018310547,226.97000122070312,228.94000244140625,3504389
2025-09-02 15:30:00-04:00,228.92469787597656,230.0,228.89500427246094,229.7100067138672,4687318
2025-09-03 09:30:00-04:00,237.1999969482422,237.97000122070312,234.3699951171875,236.8300018310547,21171526
2025-09-03 10:30:00-04:00,236.81390380859375,237.60000610351562,235.99000549316406,236.01100158691406,8284903
2025-09-03 11:30:00-04:00,236.02000427246094,236.82000732421875,235.49000549316406,236.49000549316406,4830748
2025-09-03 12:30:00-04:00,236.4998016357422,237.89999389648438,236.44000244140625,237.4272003173828,4651843
2025-09-03 13:30:00-04:00,237.4250030517578,237.44000244140625,236.6300048828125,236.91000366210938,4344650
2025-09-03 14:30:00-04:00,236.89999389648438,237.4499969482422,236.77000427246094,237.15499877929688,4834362
2025-09-03 15:30:00-04:00,237.1558074951172,238.7100067138672,237.15040588378906,238.49000549316406,8891635
2025-09-04 09:30:00-04:00,238.4499969482422,239.89320373535156,237.0399932861328,237.69000244140625,12016131
2025-09-04 10:30:00-04:00,237.67999267578125,238.10000610351562,237.0749969482422,237.39999389648438,5223309
2025-09-04 11:30:00-04:00,237.38999938964844,237.6746063232422,236.74000549316406,237.16000366210938,3678939
2025-09-04 12:30:00-04:00,237.14999389648438,238.08999633789062,236.97000122070312,238.0399932861328,3071522
2025-09-04 13:30:00-04:00,238.04010009765625,238.38999938964844,237.50999450683594,238.05999755859375,5093419
2025-09-04 14:30:00-04:00,238.07000732421875,238.97999572753906,237.8800048828125,238.70449829101562,3814924
2025-09-04 15:30:00-04:00,238.6999969482422,239.89990234375,238.49000549316406,239.7100067138672,5942248
2025-09-05 09:30:00-04:00,239.99000549316406,241.32000732421875,239.1199951171875,239.28500366210938,17499270
2025-09-05 10:30:00-04:00,239.25,240.1699981689453,238.63999938964844,239.80499267578125,6538203
2025-09-05 11:30:00-04:00,239.82000732421875,240.31500244140625,238.52000427246094,238.77000427246094,4219870
2025-09-05 12:30:00-04:00,238.77999877929688,239.72500610351562,238.49009704589844,239.625,3993359
2025-09-05 13:30:00-04:00,239.64849853515625,239.64999389648438,238.72999572753906,239.1199951171875,2784543
2025-09-05 14:30:00-04:00,239.1199951171875,240.1300048828125,239.10000610351562,239.9250030517578,5197093
2025-09-05 15:30:00-04:00,239.92999267578125,240.01499938964844,239.05999755859375,239.6699981689453,4868520
2025-09-08 09:30:00-04:00,239.3000030517578,240.14999389648438,238.74000549316406,239.22999572753906,11286441
2025-09-08 10:30:00-04:00,239.22000122070312,239.57000732421875,238.61500549316406,238.6999969482422,5248756
2025-09-08 11:30:00-04:00,238.69500732421875,238.78829956054688,237.60000610351562,237.72999572753906,4448853
2025-09-08 12:30:00-04:00,237.72000122070312,237.87989807128906,236.33999633789062,237.80580139160156,4717107
2025-09-08 13:30:00-04:00,237.80990600585938,237.9550018310547,237.10499572753906,237.1649932861328,4114279
2025-09-08 14:30:00-04:00,237.15499877929688,237.24989318847656,236.61000061035156,237.11000061035156,3761415
2025-09-08 15:30:00-04:00,237.11500549316406,238.00999450683594,236.90420532226562,237.9199981689453,5177199
2025-09-09 09:30:00-04:00,237.0,238.0,236.0749969482422,236.3101043701172,7890752
2025-09-09 10:30:00-04:00,236.30999755859375,236.67999267578125,235.77999877929688,236.22500610351562,4277475
2025-09-09 11:30:00-04:00,236.22999572753906,236.25999450683594,235.5500030517578,236.0,4300130
2025-09-09 12:30:00-04:00,236.0,238.78050231933594,235.8249969482422,237.75,9674704
2025-09-09 13:30:00-04:00,237.75999450683594,238.10000610351562,233.6699981689453,234.52859497070312,16074676
2025-09-09 14:30:00-04:00,234.5500030517578,234.69000244140625,233.3699951171875,234.30999755859375,9544618
2025-09-09 15:30:00-04:00,234.30999755859375,234.63499450683594,233.51499938964844,234.35000610351562,6317179
2025-09-10 09:30:00-04:00,232.02499389648438,232.33999633789062,227.5500030517578,228.10800170898438,22167235
2025-09-10 10:30:00-04:00,228.11000061035156,228.34640502929688,227.02000427246094,227.0399932861328,11560546
2025-09-10 11:30:00-04:00,227.0399932861328,228.05499267578125,226.24009704589844,227.7386016845703,10156861
2025-09-10 12:30:00-04:00,227.7449951171875,227.78990173339844,226.6199951171875,226.80499267578125,6579251
2025-09-10 13:30:00-04:00,226.8000030517578,227.0850067138672,226.35000610351562,227.05999755859375,6214643
2025-09-10 14:30:00-04:00,227.05499267578125,227.35000610351562,226.17999267578125,226.18499755859375,6166050
2025-09-10 15:30:00-04:00,226.18499755859375,227.10000610351562,225.9521942138672,226.77999877929688,7727491
2025-09-11 09:30:00-04:00,226.875,229.18499755859375,226.64999389648438,228.94000244140625,13821091
2025-09-11 10:30:00-04:00,228.94000244140625,229.32000732421875,228.32020568847656,228.74000549316406,249794
2025-09-11 11:30:00-04:00,228.75,228.77999877929688,228.02999877929688,228.61000061035156,9985902
2025-09-11 12:30:00-04:00,228.60000610351562,229.5399932861328,228.30999755859375,229.47250366210938,3516399
2025-09-11 13:30:00-04:00,229.47000122070312,230.16000366210938,229.17999267578125,229.4600067138672,4663505
2025-09-11 14:30:00-04:00,229.46499633789062,230.1508026123047,229.41000366210938,229.85000610351562,3884806
2025-09-11 15:30:00-04:00,229.83999633789062,230.4499969482422,229.8350067138672,230.02000427246094,5627999
2025-09-12 09:30:00-04:00,230.0,234.0780029296875,229.02000427246094,234.07000732421875,14988292
2025-09-12 10:30:00-04:00,234.0800018310547,234.50999450683594,233.36000061035156,234.09500122070312,8044876
2025-09-12 11:30:00-04:00,234.08999633789062,234.49000549316406,233.62100219726562,233.9694061279297,4710781
2025-09-12 12:30:00-04:00,233.9636993408203,233.96499633789062,233.0,233.23500061035156,4969404
2025-09-12 13:30:00-04:00,233.22000122070312,233.8699951171875,233.218505859375,233.5399932861328,3203879
2025-09-12 14:30:00-04:00,233.5399932861328,234.4499969482422,233.02999877929688,233.77549743652344,6970851
2025-09-12 15:30:00-04:00,233.77999877929688,234.2899932861328,233.50999450683594,234.05999755859375,5874733
2025-09-15 09:30:00-04:00,237.0,238.19000244140625,235.02999877929688,236.21499633789062,14134217
2025-09-15 10:30:00-04:00,236.2100067138672,237.02000427246094,235.66000366210938,236.82000732421875,4993166
2025-09-15 11:30:00-04:00,236.81500244140625,237.3000030517578,236.47000122070312,236.57000732421875,3686503
2025-09-15 12:30:00-04:00,236.5648956298828,236.5904998779297,235.6999969482422,235.75999450683594,2964448
2025-09-15 13:30:00-04:00,235.75,236.13999938964844,235.5800018310547,235.63999938964844,2953754
2025-09-15 14:30:00-04:00,235.63499450683594,236.33999633789062,235.27000427246094,235.97000122070312,3570486
2025-09-15 15:30:00-04:00,235.97000122070312,236.7899932861328,235.67999267578125,236.75999450683594,4732529
2025-09-16 09:30:00-04:00,237.17999267578125,241.22000122070312,236.32350158691406,239.52999877929688,20581571
2025-09-16 10:30:00-04:00,239.52999877929688,239.85000610351562,238.2449951171875,239.5928955078125,7412526
2025-09-16 11:30:00-04:00,239.58009338378906,239.58009338378906,238.46499633789062,239.19500732421875,5301755
2025-09-16 12:30:00-04:00,239.1999969482422,239.39999389648438,238.89999389648438,239.08560180664062,3213378
2025-09-16 13:30:00-04:00,239.10000610351562,239.11000061035156,238.1300048828125,238.92999267578125,4262186
2025-09-16 14:30:00-04:00,238.94000244140625,239.60000610351562,238.80999755859375,238.93829345703125,4748875
2025-09-16 15:30:00-04:00,238.94000244140625,239.4199981689453,238.08009338378906,238.13999938964844,5869621
2025-09-17 09:30:00-04:00,238.97000122070312,240.10000610351562,238.7899932861328,239.6300048828125,9926684
2025-09-17 10:30:00-04:00,239.63999938964844,240.00999450683594,239.1999969482422,239.47999572753906,4002310
2025-09-17 11:30:00-04:00,239.48500061035156,239.77999877929688,239.27999877929688,239.67430114746094,3170671
2025-09-17 12:30:00-04:00,239.67999267578125,239.77000427246094,239.35000610351562,239.52000427246094,2892623
2025-09-17 13:30:00-04:00,239.52000427246094,239.82000732421875,238.4499969482422,239.55999755859375,4570049
2025-09-17 14:30:00-04:00,239.5500030517578,239.6300048828125,237.7301025390625,239.2628936767578,5910219
2025-09-17 15:30:00-04:00,239.27000427246094,239.27999877929688,238.47999572753906,238.97000122070312,4226195
2025-09-18 09:30:00-04:00,239.9499969482422,241.1999969482422,236.64999389648438,237.55999755859375,11453464
2025-09-18 10:30:00-04:00,237.56500244140625,238.7949981689453,237.31500244140625,238.19000244140625,4587899
2025-09-18 11:30:00-04:00,238.2100067138672,238.5399932861328,237.35000610351562,237.94000244140625,3609143
2025-09-18 12:30:00-04:00,237.9499969482422,238.1999969482422,237.63999938964844,237.8800048828125,3556108
2025-09-18 13:30:00-04:00,237.8699951171875,238.10000610351562,237.210205078125,237.8018035888672,3010288
2025-09-18 14:30:00-04:00,237.80999755859375,237.94639587402344,237.25010681152344,237.4499969482422,3540701
2025-09-18 15:30:00-04:00,237.4550018310547,238.11000061035156,237.43499755859375,237.85000610351562,4049383
2025-09-19 09:30:00-04:00,241.1750030517578,242.58999633789062,240.21060180664062,241.14999389648438,26772067
2025-09-19 10:30:00-04:00,241.14999389648438,243.16000366210938,241.05999755859375,242.27999877929688,10143358
2025-09-19 11:30:00-04:00,242.27369689941406,244.56910705566406,242.0491943359375,244.52000427246094,9031105
2025-09-19 12:30:00-04:00,244.5124969482422,245.9199981689453,244.26870727539062,245.24380493164062,12269832
2025-09-19 13:30:00-04:00,245.24000549316406,246.2698974609375,244.89999389648438,245.48849487304688,9746967
2025-09-19 14:30:00-04:00,245.48500061035156,246.10000610351562,245.1909942626953,245.61000061035156,7490411
2025-09-19 15:30:00-04:00,245.60000610351562,246.3000030517578,244.74000549316406,245.2899932861328,12986528
2025-09-22 09:30:00-04:00,248.33999633789062,252.73500061035156,248.1699981689453,252.67160034179688,27825122
2025-09-22 10:30:00-04:00,252.66000366210938,256.0799865722656,252.0800018310547,255.789794921875,16983776
2025-09-22 11:30:00-04:00,255.77000427246094,256.6300048828125,253.5800018310547,253.72000122070312,16047694
2025-09-22 12:30:00-04:00,253.72999572753906,254.72999572753906,253.16000366210938,254.5928955078125,8453992
2025-09-22 13:30:00-04:00,254.5800018310547,255.25999450683594,253.89999389648438,255.24000549316406,5242129
2025-09-22 14:30:00-04:00,255.2449951171875,256.05999755859375,254.7346954345703,255.7899932861328,8214973
2025-09-22 15:30:00-04:00,255.80499267578125,256.260009765625,255.61500549316406,256.0899963378906,9091926
2025-09-23 09:30:00-04:00,255.875,257.3399963378906,255.27999877929688,256.6173095703125,11263642
2025-09-23 10:30:00-04:00,256.6099853515625,256.70001220703125,255.00999450683594,256.1000061035156,5490061
2025-09-23 11:30:00-04:00,256.1300048828125,256.2099914550781,255.35000610351562,255.72689819335938,3232527
2025-09-23 12:30:00-04:00,255.7200927734375,255.85000610351562,254.39999389648438,254.6699981689453,2847437
2025-09-23 13:30:00-04:00,254.66000366210938,254.96099853515625,253.92999267578125,254.63999938964844,3617163
2025-09-23 14:30:00-04:00,254.63999938964844,254.83999633789062,253.58999633789062,254.16990661621094,17356326
2025-09-23 15:30:00-04:00,254.16000366210938,254.52999877929688,253.6699981689453,254.52999877929688,5076635
2025-09-24 09:30:00-04:00,255.22000122070312,255.72999572753906,252.0800018310547,252.6219940185547,6502958
2025-09-24 10:30:00-04:00,252.625,252.99000549316406,251.5399932861328,252.1199951171875,3291728
2025-09-24 11:30:00-04:00,252.1199951171875,252.25999450683594,251.0399932861328,252.1649932861328,3045221
2025-09-24 12:30:00-04:00,252.17140197753906,252.25999450683594,251.33999633789062,251.49000549316406,1637321
2025-09-24 13:30:00-04:00,251.51499938964844,252.11000061035156,251.27999877929688,251.76499938964844,1622724
2025-09-24 14:30:00-04:00,251.75,251.7899932861328,251.24000549316406,251.38999938964844,1680916
2025-09-24 15:30:00-04:00,251.38999938964844,252.49000549316406,251.2899932861328,252.24000549316406,2697400
2025-09-25 09:30:00-04:00,253.2050018310547,254.2899932861328,251.71200561523438,254.0,8503081
2025-09-25 10:30:00-04:00,254.00010681152344,254.1387939453125,253.02999877929688,253.50010681152344,3154957
2025-09-25 11:30:00-04:00,253.50010681152344,253.91000366210938,252.3000030517578,252.53030395507812,2473004
2025-09-25 12:30:00-04:00,252.5399932861328,253.8800048828125,252.5,253.5,2502302
2025-09-25 13:30:00-04:00,253.49000549316406,254.58999633789062,252.85000610351562,254.55999755859375,2634795
2025-09-25 14:30:00-04:00,254.5500030517578,257.1700134277344,254.22999572753906,256.9599914550781,7107739
2025-09-25 15:30:00-04:00,256.95001220703125,257.1099853515625,255.4199981689453,256.94000244140625,4610669
2025-09-26 09:30:00-04:00,254.1300048828125,256.6000061035156,253.77999877929688,255.02000427246094,8034498
2025-09-26 10:30:00-04:00,255.02000427246094,255.99000549316406,254.57119750976562,255.9700927734375,3714841
2025-09-26 11:30:00-04:00,255.97000122070312,256.0400085449219,254.86000061035156,255.6649932861328,2276774
2025-09-26 12:30:00-04:00,255.66000366210938,256.9750061035156,255.47999572753906,256.5199890136719,2086042
2025-09-26 13:30:00-04:00,256.5199890136719,257.3599853515625,255.86000061035156,256.55499267578125,2653513
2025-09-26 14:30:00-04:00,256.56500244140625,256.7298889160156,255.49000549316406,255.64500427246094,2089315
2025-09-26 15:30:00-04:00,255.63999938964844,255.64979553222656,254.89999389648438,255.4600067138672,3021515
2025-09-29 09:30:00-04:00,254.63999938964844,254.7899932861328,253.00999450683594,254.2198944091797,6306062
2025-09-29 10:30:00-04:00,254.2050018310547,254.24000549316406,253.30999755859375,253.47000122070312,2834864
2025-09-29 11:30:00-04:00,253.4665069580078,254.07000732421875,253.1199951171875,253.66000366210938,2275242
2025-09-29 12:30:00-04:00,253.6699981689453,253.7799072265625,253.2100067138672,253.39999389648438,1744854
2025-09-29 13:30:00-04:00,253.38999938964844,254.61500549316406,253.1300048828125,254.57000732421875,2297052
2025-09-29 14:30:00-04:00,254.57000732421875,254.60000610351562,253.61000061035156,253.99000549316406,2057798
2025-09-29 15:30:00-04:00,253.99000549316406,254.8300018310547,253.94000244140625,254.35000610351562,2513071
2025-09-30 09:30:00-04:00,254.8249969482422,255.91900634765625,253.9600067138672,254.88619995117188,5093340
2025-09-30 10:30:00-04:00,254.91000366210938,255.6750030517578,253.82009887695312,254.22000122070312,2465164
2025-09-30 11:30:00-04:00,254.2100067138672,254.97000122070312,254.16009521484375,254.53509521484375,1531480
2025-09-30 12:30:00-04:00,254.55059814453125,254.6699981689453,253.31170654296875,253.73500061035156,1623333
2025-09-30 13:30:00-04:00,253.75999450683594,253.99000549316406,253.11000061035156,253.33999633789062,1664288
2025-09-30 14:30:00-04:00,253.33999633789062,254.24000549316406,253.27099609375,253.9499969482422,2061307
2025-09-30 15:30:00-04:00,253.9600067138672,255.17999267578125,253.80999755859375,254.55999755859375,3030681
2025-10-01 09:30:00-04:00,255.0399932861328,258.7900085449219,254.9499969482422,256.1614074707031,9677443
2025-10-01 10:30:00-04:00,256.17999267578125,256.2590026855469,255.10000610351562,255.52450561523438,2972074
2025-10-01 11:30:00-04:00,255.5301055908203,256.9200134277344,255.50999450683594,256.1600036621094,2338742
2025-10-01 12:30:00-04:00,256.1636047363281,256.8298034667969,255.85499572753906,256.1404113769531,1826687
2025-10-01 13:30:00-04:00,256.1650085449219,256.6859130859375,256.05999755859375,256.4849853515625,10115926
2025-10-01 14:30:00-04:00,256.4800109863281,256.94000244140625,255.8699951171875,255.94000244140625,2751615
2025-10-01 15:30:00-04:00,255.94000244140625,256.1400146484375,255.27999877929688,255.41000366210938,4879162
2025-10-02 09:30:00-04:00,256.5899963378906,257.2349853515625,254.14999389648438,256.2200927734375,11570169
2025-10-02 10:30:00-04:00,256.2300109863281,257.6400146484375,255.97000122070312,257.1650085449219,4800305
2025-10-02 11:30:00-04:00,257.1499938964844,258.17999267578125,256.72100830078125,257.3450012207031,4388406
2025-10-02 12:30:00-04:00,257.3450012207031,257.8226013183594,257.1138916015625,257.4100036621094,2290319
2025-10-02 13:30:00-04:00,257.3900146484375,257.9100036621094,257.0299987792969,257.8800048828125,2476632
2025-10-02 14:30:00-04:00,257.8699951171875,258.1600036621094,257.375,257.510009765625,4612702
2025-10-02 15:30:00-04:00,257.510009765625,257.875,256.8800048828125,257.1400146484375,5100991
2025-10-03 09:30:00-04:00,254.6649932861328,259.0400085449219,253.9600067138672,257.8500061035156,16311886
2025-10-03 10:30:00-04:00,257.8599853515625,258.739990234375,257.5199890136719,258.510009765625,4452948
2025-10-03 11:30:00-04:00,258.4930114746094,259.239990234375,258.2571105957031,258.5487060546875,4828730
2025-10-03 12:30:00-04:00,258.5400085449219,258.92999267578125,258.1199951171875,258.30999755859375,3408741
2025-10-03 13:30:00-04:00,258.29998779296875,258.5899963378906,256.9599914550781,258.3699951171875,5459239
2025-10-03 14:30:00-04:00,258.3699951171875,258.5849914550781,257.8500061035156,257.9200134277344,3050327
2025-10-03 15:30:00-04:00,257.9200134277344,258.260009765625,257.40350341796875,258.0150146484375,4468054
2025-10-06 09:30:00-04:00,257.94500732421875,259.07000732421875,255.0500030517578,257.7799987792969,11669158
2025-10-06 10:30:00-04:00,257.79998779296875,257.9800109863281,257.2799987792969,257.5513000488281,3447400
2025-10-06 11:30:00-04:00,257.56500244140625,257.6700134277344,256.7699890136719,257.1300048828125,3501833
2025-10-06 12:30:00-04:00,257.1300048828125,257.4800109863281,256.1304931640625,256.55999755859375,2877222
2025-10-06 13:30:00-04:00,256.54998779296875,256.68121337890625,255.5,256.18499755859375,5922536
2025-10-06 14:30:00-04:00,256.1802062988281,256.6600036621094,256.06500244140625,256.510009765625,2693724
2025-10-06 15:30:00-04:00,256.510009765625,257.25,256.4599914550781,256.6499938964844,3577742
2025-10-07 09:30:00-04:00,256.82000732421875,257.3999938964844,256.2799987792969,256.67999267578125,6425357
2025-10-07 10:30:00-04:00,256.6700134277344,257.10791015625,255.60000610351562,256.3789978027344,4531854
2025-10-07 11:30:00-04:00,256.3900146484375,256.84979248046875,255.88999938964844,256.3384094238281,3693772
2025-10-07 12:30:00-04:00,256.3299865722656,256.6600036621094,255.75430297851562,255.88999938964844,2335693
2025-10-07 13:30:00-04:00,255.86000061035156,256.1499938964844,255.42999267578125,256.06988525390625,2294433
2025-10-07 14:30:00-04:00,256.07000732421875,256.301513671875,255.91009521484375,256.0199890136719,2361474
2025-10-07 15:30:00-04:00,256.0199890136719,256.6199951171875,255.9199981689453,256.489990234375,3978516
2025-10-08 09:30:00-04:00,256.5299987792969,258.19000244140625,256.1099853515625,257.8399963378906,8459277
2025-10-08 10:30:00-04:00,257.8599853515625,258.4549865722656,257.20001220703125,258.0400085449219,4427277
2025-10-08 11:30:00-04:00,258.05499267578125,258.5199890136719,257.55999755859375,258.20001220703125,2832234
2025-10-08 12:30:00-04:00,258.19000244140625,258.32501220703125,257.625,257.92498779296875,2099955
2025-10-08 13:30:00-04:00,257.92498779296875,258.20001220703125,257.6499938964844,257.9150085449219,2280625
2025-10-08 14:30:00-04:00,257.8999938964844,258.42999267578125,257.739990234375,258.25,2564469
2025-10-08 15:30:00-04:00,258.239990234375,258.489990234375,257.8800048828125,258.0299987792969,4214118
2025-10-09 09:30:00-04:00,257.8999938964844,258.0,254.77499389648438,254.9199981689453,8679018
2025-10-09 10:30:00-04:00,254.9080047607422,255.22300720214844,254.57000732421875,254.63999938964844,4040438
2025-10-09 11:30:00-04:00,254.6199951171875,254.75999450683594,253.75,253.99000549316406,4627197
2025-10-09 12:30:00-04:00,254.0,254.0500030517578,253.17999267578125,253.39999389648438,2685602
2025-10-09 13:30:00-04:00,253.39500427246094,253.86000061035156,253.14019775390625,253.43499755859375,2427698
2025-10-09 14:30:00-04:00,253.4199981689453,254.11500549316406,253.32000732421875,253.77999877929688,3837383
2025-10-09 15:30:00-04:00,253.77499389648438,254.47000122070312,253.55999755859375,254.02999877929688,4519796
2025-10-10 09:30:00-04:00,255.0399932861328,256.3800048828125,254.42999267578125,255.02059936523438,7268562
2025-10-10 10:30:00-04:00,255.0399932861328,255.33999633789062,248.9199981689453,249.1199951171875,10177254
2025-10-10 11:30:00-04:00,249.10000610351562,250.02999877929688,247.75999450683594,248.61000061035156,7499781
2025-10-10 12:30:00-04:00,248.58999633789062,249.05999755859375,247.05999755859375,247.80999755859375,4394995
2025-10-10 13:30:00-04:00,247.77000427246094,248.57000732421875,247.0800018310547,247.16000366210938,4882982
2025-10-10 14:30:00-04:00,247.13710021972656,247.30999755859375,245.81500244140625,246.1649932861328,5426839
2025-10-10 15:30:00-04:00,246.1699981689453,246.99000549316406,244.57000732421875,245.27999877929688,8519891
2025-10-13 09:30:00-04:00,249.3800048828125,249.49000549316406,245.55999755859375,246.37600708007812,9359382
2025-10-13 10:30:00-04:00,246.3699951171875,248.65989685058594,246.22999572753906,248.59030151367188,5816790
2025-10-13 11:30:00-04:00,248.6199951171875,249.6199951171875,248.36000061035156,249.17999267578125,3115587
2025-10-13 12:30:00-04:00,249.1699981689453,249.68930053710938,248.5500030517578,249.1042022705078,2298264
2025-10-13 13:30:00-04:00,249.08999633789062,249.32000732421875,248.68800354003906,249.1461944580078,2175748
2025-10-13 14:30:00-04:00,249.13999938964844,249.24000549316406,248.1300048828125,248.32000732421875,2310709
2025-10-13 15:30:00-04:00,248.32000732421875,248.58999633789062,247.3300018310547,247.58999633789062,3786722
2025-10-14 09:30:00-04:00,246.61500549316406,247.22999572753906,244.6999969482422,247.02000427246094,6901149
2025-10-14 10:30:00-04:00,247.0,247.74989318847656,246.1199951171875,246.21400451660156,3292430
2025-10-14 11:30:00-04:00,246.22999572753906,247.75,246.1699981689453,247.38999938964844,2724013
2025-10-14 12:30:00-04:00,247.38999938964844,248.035400390625,247.38499450683594,247.79800415039062,2048766
2025-10-14 13:30:00-04:00,247.80999755859375,247.82000732421875,247.17999267578125,247.48500061035156,2132596
2025-10-14 14:30:00-04:00,247.49000549316406,248.75,247.14439392089844,248.4199981689453,3822730
2025-10-14 15:30:00-04:00,248.42999267578125,248.84500122070312,246.72999572753906,247.85000610351562,4482259
2025-10-15 09:30:00-04:00,249.3800048828125,251.82000732421875,248.63999938964844,250.85000610351562,8163531
2025-10-15 10:30:00-04:00,250.8699951171875,251.4691925048828,249.8000030517578,249.85989379882812,3430819
2025-10-15 11:30:00-04:00,249.82000732421875,250.04969787597656,248.72000122070312,249.77499389648438,2879510
2025-10-15 12:30:00-04:00,249.77999877929688,249.9499053955078,247.47999572753906,248.0904998779297,2290291
2025-10-15 13:30:00-04:00,248.10499572753906,249.8000030517578,248.0500030517578,249.64700317382812,1934212
2025-10-15 14:30:00-04:00,249.64999389648438,250.10000610351562,249.47999572753906,249.9199981689453,2139459
2025-10-15 15:30:00-04:00,249.92999267578125,250.07000732421875,248.1699981689453,249.42999267578125,4229173
2025-10-16 09:30:00-04:00,248.27000427246094,248.3800048828125,246.6199951171875,247.50999450683594,9564057
2025-10-16 10:30:00-04:00,247.49000549316406,249.0399932861328,247.48170471191406,248.23500061035156,4826932
2025-10-16 11:30:00-04:00,248.1699981689453,248.66310119628906,247.03500366210938,247.72000122070312,3305994
2025-10-16 12:30:00-04:00,247.70010375976562,247.75,246.0399932861328,247.22000122070312,4045208
2025-10-16 13:30:00-04:00,247.22000122070312,247.4199981689453,245.25999450683594,245.66000366210938,3995746
2025-10-16 14:30:00-04:00,245.63999938964844,247.02000427246094,245.1300048828125,246.5500030517578,3603265
2025-10-16 15:30:00-04:00,246.55999755859375,247.91000366210938,246.35000610351562,247.42999267578125,3734949
2025-10-17 09:30:00-04:00,248.02000427246094,250.32000732421875,247.27000427246094,249.5601043701172,11142993
2025-10-17 10:30:00-04:00,249.6439971923828,249.86000061035156,248.22999572753906,248.47999572753906,3459331
2025-10-17 11:30:00-04:00,248.47999572753906,250.35000610351562,248.09719848632812,250.29649353027344,4277714
2025-10-17 12:30:00-04:00,250.29330444335938,251.36000061035156,250.27520751953125,250.81500244140625,6063960
2025-10-17 13:30:00-04:00,250.8000030517578,252.53500366210938,250.2449951171875,252.3000030517578,3952984
2025-10-17 14:30:00-04:00,252.2823944091797,252.82000732421875,251.6999969482422,252.75999450683594,3982655
2025-10-17 15:30:00-04:00,252.75,253.3800048828125,252.1199951171875,252.3000030517578,7247788
2025-10-20 09:30:00-04:00,255.88499450683594,259.8699951171875,255.6300048828125,259.5050048828125,19526731
2025-10-20 10:30:00-04:00,259.489990234375,263.54998779296875,259.07000732421875,262.57000732421875,20690049
2025-10-20 11:30:00-04:00,262.54998779296875,264.375,262.4175109863281,263.489990234375,13764809
2025-10-20 12:30:00-04:00,263.4800109863281,264.2099914550781,262.6499938964844,263.1650085449219,8089517
2025-10-20 13:30:00-04:00,263.17999267578125,263.8299865722656,262.7900085449219,263.7300109863281,4756799
2025-10-20 14:30:00-04:00,263.739990234375,263.80999755859375,263.0400085449219,263.4200134277344,5423277
2025-10-20 15:30:00-04:00,263.44000244140625,263.8500061035156,261.92999267578125,262.2300109863281,8021467
2025-10-21 09:30:00-04:00,261.8800048828125,265.2900085449219,261.8800048828125,263.4999084472656,17003580
2025-10-21 10:30:00-04:00,263.4599914550781,263.8299865722656,262.510009765625,263.6619873046875,4721265
2025-10-21 11:30:00-04:00,263.6700134277344,264.5350036621094,263.0801086425781,263.1700134277344,5514253
2025-10-21 12:30:00-04:00,263.1600036621094,263.6799011230469,262.8475036621094,263.3265075683594,2671606
2025-10-21 13:30:00-04:00,263.3258056640625,264.04998779296875,262.1499938964844,263.44989013671875,3718095
2025-10-21 14:30:00-04:00,263.4495849609375,263.7381896972656,262.95001220703125,263.0849914550781,3430980
2025-10-21 15:30:00-04:00,263.0950012207031,263.2099914550781,262.4700012207031,262.8399963378906,3493018
2025-10-22 09:30:00-04:00,262.7900085449219,262.8500061035156,259.7200012207031,260.0498962402344,9155667
2025-10-22 10:30:00-04:00,260.0,261.1300048828125,257.6401062011719,258.4299011230469,5930214
2025-10-22 11:30:00-04:00,258.45001220703125,259.489990234375,258.04998779296875,258.54998779296875,3763921
2025-10-22 12:30:00-04:00,258.54998779296875,258.7699890136719,256.29998779296875,256.69140625,4679141
2025-10-22 13:30:00-04:00,256.6700134277344,257.0798034667969,255.42999267578125,256.5509948730469,4221043
2025-10-22 14:30:00-04:00,256.54998779296875,257.67999267578125,256.1400146484375,257.510009765625,3195141
2025-10-22 15:30:00-04:00,257.5199890136719,258.80999755859375,257.42999267578125,258.42999267578125,4263522
2025-10-23 09:30:00-04:00,259.8900146484375,260.1799011230469,258.0101013183594,259.4798889160156,6251007
2025-10-23 10:30:00-04:00,259.4200134277344,259.67999267578125,258.7300109863281,259.3999938964844,2852790
2025-10-23 11:30:00-04:00,259.3999938964844,260.6199035644531,259.0834045410156,260.0400085449219,3168121
2025-10-23 12:30:00-04:00,260.04998779296875,260.54998779296875,259.5199890136719,259.8599853515625,2574209
2025-10-23 13:30:00-04:00,259.8800048828125,260.42498779296875,259.8299865722656,259.9700012207031,3320192
2025-10-23 14:30:00-04:00,259.9700012207031,260.0199890136719,259.6199951171875,259.8999938964844,2237171
2025-10-23 15:30:00-04:00,259.9100036621094,260.04998779296875,259.0799865722656,259.5799865722656,3143856
2025-10-24 09:30:00-04:00,261.19000244140625,261.6199951171875,259.17999267578125,260.94140625,7287527
2025-10-24 10:30:00-04:00,260.94000244140625,263.3599853515625,260.7900085449219,263.2799987792969,5490920
2025-10-24 11:30:00-04:00,263.2900085449219,264.0299987792969,262.95001220703125,263.5799865722656,4458666
2025-10-24 12:30:00-04:00,263.5899963378906,263.7099914550781,262.8500061035156,263.6099853515625,2930456
2025-10-24 13:30:00-04:00,263.6099853515625,264.1300048828125,263.4100036621094,264.0199890136719,2843868
2025-10-24 14:30:00-04:00,264.0249938964844,264.1000061035156,263.1499938964844,263.5,3187549
2025-10-24 15:30:00-04:00,263.510009765625,263.6600036621094,262.1300048828125,262.739990234375,4742484
2025-10-27 09:30:00-04:00,264.8800048828125,267.04998779296875,264.65008544921875,265.7300109863281,9319511
2025-10-27 10:30:00-04:00,265.739990234375,266.4200134277344,265.19500732421875,265.7099914550781,4050852
2025-10-27 11:30:00-04:00,265.7099914550781,266.0899963378906,265.04998779296875,265.92999267578125,3517895
2025-10-27 12:30:00-04:00,265.94000244140625,266.125,265.510009765625,265.6199951171875,3331147
2025-10-27 13:30:00-04:00,265.6300048828125,266.0150146484375,265.510009765625,265.5950012207031,2171755
2025-10-27 14:30:00-04:00,265.5899963378906,267.3999938964844,265.4700012207031,267.2749938964844,4259189
2025-10-27 15:30:00-04:00,267.2699890136719,269.0799865722656,267.2099914550781,268.739990234375,6996092
2025-10-28 09:30:00-04:00,269.135009765625,269.8699951171875,268.25,268.6499938964844,11832766
2025-10-28 10:30:00-04:00,268.6423034667969,269.1400146484375,268.1499938964844,268.69720458984375,3550384
2025-10-28 11:30:00-04:00,268.69500732421875,269.0758056640625,268.3500061035156,268.9949951171875,2758052
2025-10-28 12:30:00-04:00,268.9800109863281,269.8699951171875,268.82000732421875,269.4949951171875,3503864
2025-10-28 13:30:00-04:00,269.4949951171875,269.4949951171875,268.79998779296875,269.0902099609375,3181670
2025-10-28 14:30:00-04:00,269.1050109863281,269.44000244140625,268.7799987792969,269.20001220703125,4120349
2025-10-28 15:30:00-04:00,269.20001220703125,269.3550109863281,268.6000061035156,269.0299987792969,5339653
2025-10-29 09:30:00-04:00,269.2749938964844,271.4100036621094,268.70001220703125,270.4200134277344,10209230
2025-10-29 10:30:00-04:00,270.4100036621094,270.44500732421875,267.51220703125,267.6300048828125,6247839
2025-10-29 11:30:00-04:00,267.6099853515625,268.8599853515625,267.1099853515625,268.6199951171875,4595121
2025-10-29 12:30:00-04:00,268.6029968261719,269.93011474609375,268.4700927734375,269.93011474609375,3066081
2025-10-29 13:30:00-04:00,269.8900146484375,270.8500061035156,269.7900085449219,270.80999755859375,4963178
2025-10-29 14:30:00-04:00,270.7850036621094,270.92999267578125,268.260009765625,268.30999755859375,5156103
2025-10-29 15:30:00-04:00,268.32000732421875,270.3800048828125,267.79998779296875,269.7300109863281,4325904
2025-10-30 09:30:00-04:00,271.989990234375,274.1400146484375,268.989990234375,269.0899963378906,8387840
2025-10-30 10:30:00-04:00,269.0899963378906,271.1700134277344,268.4800109863281,270.7900085449219,3886744
2025-10-30 11:30:00-04:00,270.7799987792969,272.3900146484375,270.2630920410156,272.010009765625,3869786
2025-10-30 12:30:00-04:00,272.0,272.06781005859375,271.0400085449219,271.95001220703125,2409548
2025-10-30 13:30:00-04:00,271.95001220703125,272.29998779296875,271.2799987792969,271.75,3435055
2025-10-30 14:30:00-04:00,271.760009765625,272.00799560546875,270.9949951171875,271.3399963378906,3831349
